drop database if exists huellitasdb;
create database huellitasdb;
use huellitasdb;

create table datos (
	Cédula char(10) primary key,
    NombreCompleto varchar(50) not null,
    F_Nac date not null,
    Dirección varchar(100));

INSERT INTO datos VALUES ('0937462839','Katherine Juliette Mascote López','1984-11-06','39 y Nicolás Augusto Gonzáles'),
 ('0928473629','Aarón Alberto Albán Orozco','1983-05-05','Recreo 1 coop. 28 de Agosto'),
 ('0973973628','Zuly Patricia Vásquez Jurado','1976-10-27','Urbanización Guasmo Sur Coop. Guayas y Quil 2 Mz. 877 sl. 8'),
 ('0926352816','Gabriela Geanella Cayetano Aguirre','1979-04-14','Coop. Colinas de la Alborada Mz. 725 v. 9'),
 ('0927518641','José Pablo Sánchez Vélez','1999-04-06','Cdla. Huancavilca Sur Mz. 3D v. 11'),
 ('0916756733','Martha Cristina Zambrano Reyes','1984-03-11','Sauces 7 Mz. D5 v. 9'),
 ('0915675365','Roberto Kenny Pérez Rosado','1989-01-14','Argentina 1800 y José Mascote'),
 ('0998364872','Eduardo Luis Tenesaca Vera','1989-10-31','Samanes 6 Mz. 948 sl. 11'),
 ('0973264752','Keyla Fabiana Quintero Ruíz','2000-08-18','24 y Sedalana'),
 ('0937562521','Daniel Eduardo López Burgos','1969-06-12','Samanes 4 Mz. 8 sl. 1'),
 ('0927632378','Ayleen Xiomara Ramos Hidalgo','1988-02-28','Samanes 5 Mz. 10 sl. 11'),
 ('0946275652','Viviana Cecilia Herrera José','1999-08-10','Letamendi y Los Ríos'),
 ('0937467233','José Manuel Sánchez Ramírez','1991-09-23','17 y Portete'),
 ('0927563456','Ana Lucía Rodríguez López','1990-04-08','44 y la P'),
 ('0954214561','Beatriz Emilia Gutierrez Ortíz','1966-01-24','Samanes 1 Mz. 28 sl. 2'),
 ('0913767308','Oscar Maximiliano Mendoza Chávez','2001-12-05','Garzota Mz. 18 sl.3'),
 ('0917835819','Pedro Rafael Castillo Jiménez','1990-09-30','Esmeralda entre San Martín y Letamendi'),
 ('0917314350','Claudia Concepción Morales Castro','1986-12-07','Samanes 7 Mz. 48 sl. 8'),
 ('0918673241','Evelyn Vanessa Hernández González','1978-05-19','26 y la A'),
 ('0918020131','Tamara Milea Vivar Nuñez','1975-11-28','La 28 entre Oriente y el Oro'),
 ('0915442985','Ashley Giorgina Carchi Badillo','1988-07-24','Alborada 11 etapa Mz. 5 sl. 9'),
 ('0967735260','Xavier Alesandro Galindo Chávez','1990-07-28','Ceibos Norte Mz. 24 sl. 13'),
 ('0916258826','Maritza Javiera Lima Lima','1995-03-29','Urb. Girasoles Mz. 24 sl. 3'),
 ('0916735435','Jonathan Saúl Pezo Mendoza','1999-06-08','Alborada 5 Mz. 1 sl. 11'),
 ('0926936636','Carlos Alberto Ramírez Cuzco','1968-09-18','Pedro Carbo 1800 y Machala'),
 ('0917253015','Gabriela Tatiana Herrera Ortega','1993-07-26','Samanes 5 Mz. 2 sl. 19'),
 ('0917267920','Camila Stephanie Merchán Palacios','1975-11-15','28 y La P'),
 ('0927729143','Frank Camilo Kenecevitch Gómez','1999-01-26','Samanes 13 Mz. 7 sl. 1'),
 ('0917228356','Saúl Israel Gómez Juca','1998-07-12','Mucho Lote 6 Mz. 948 sl. 11'),
 ('0911271188','Jandry Manuel Jordan Sarmiento','1964-02-19','19 y la F'),
 ('0947182950','Alanyz Nicole Álava Nieto','1987-04-02','Mucho Lote 5 Mz. 948 sl. 11'),
 ('0936466290','Ricardo Walter Telo Telo','1997-05-15','Capitán Najera #124 y Machala'),
 ('0947286163','Pilar Daniela Placencio Mera','1994-07-20','44 y la P'),
 ('0911108002','Daniel Raúl Morales Coello','2000-07-06','Samanes 5 Mz. 948 sl. 11'),
 ('0940938848','Jhossue David Calderón Córdova','1988-11-05','27 y Galápagos'),
 ('0963256546','Cristhian Paúl Rivadeneira Torres','1997-04-28','Urb. EcoCity Mz. 20 sl. 10'),
 ('0937426562','Roxana Graciela Jácome Ruíz','1965-11-30','27 y la CH'),
 ('0923756622','Zoila Verónica Cevallos Cevallos','1988-12-18','Pablo Vélez y Quevedo'),
 ('0924741363','Daniela Bertha Román Yépez','1960-08-04','14 y Domingo Comín'),
 ('0932715648','Linda Fernanda Rivero Castro','1999-03-09','Samanes 1 Mz. 8 sl. 1'),
 ('0918246347','Xiomara Alexandra Chiquito Mite','1992-10-10','Alborada 3 etapa Mz. 948 sl. 11'),
 ('0918673245','Emilio James Hernández Gonzáles','1996-03-05','Samanes 4 Mz. 402 sl. 6');
    
create table usuario (
	Nick varchar(20) primary key,
    Correo varchar(30) not null,
    Clave varchar(20) not null);
    
INSERT INTO usuario VALUES ('kmascote','kmascote@gmail.com','sjagfyq3g'),
 ('aalban','aalban@gmail.com','aejbfuwiiahw'),
 ('zvasquez','zvasquez@gmail.com','niuahf873y'),
 ('gcayetano','gcayetano@hotmail.com','djfuq3dqubd'),
 ('jsanchez','jsanchez@yahoo.com','jbhusdgfyuwb'),
 ('jvillacres','jvillacres@gmail.com','efbewhjbf'),
 ('mzambrano','mzambrano@gmail.com','dfibqwbef'),
 ('ecastro','ecastro@hotmail.com','njsbfeeru37y34'),
 ('rperez','rperez@outlook.com','bsdbfuierhui3'),
 ('bsantana','bsantana@gmail.com','3iu4iyhbfhe'),
 ('etenesaca','etenesaca@outlook.com','rb3ygby3v'),
 ('mcandia','mcandia@gmail.com','rjbdbfugye'),
 ('kquintero','kquintero@gmail.com','njdbfwgyeg'),
 ('sponce','sponce@hotmail.com','ndiufh983y'),
 ('dlopez','dlopez@yahoo.com','jbsdjfbiu3h'),
 ('candrade','candrade@gmail.com','dbjsdbf38'),
 ('wflores','wflores@gmail.com','kjbsdfgu3yed'),
 ('aramos','aramos@gmail.com','nfbweruhuy378'),
 ('vherrera','vherrera@gmail.com','bhbfrgbuwebu3'),
 ('dguerrero','dguerrero@gmail.com','bhjdbfhweyu'),
 ('jsanram','jsanram@outlook.com','qjbhjbfhjbwey'),
 ('arolo','arolo@hotmail.com','djbfbsdhfiu3h'),
 ('bguor','bguor@gmail.com','bdsfbuiiwehiu'),
 ('omencha','omencha@gmail.com','dbjhdbsfbuye'),
 ('pcasji','pcasji@yahoo.com','nsdjfbweu'),
 ('cmocas','cmocas@gmail.com','hniufh893y892'),
 ('ehergon','ehergon@outlook.com','hdjnfhbwygy3'),
 ('tvinu','tvinu@hotmail.com','hdfuihq98y'),
 ('acarba','acarba@gmail.com','jjbdbyu3gyu'),
 ('xvebe','xvebe@gmail.com','jbdwbri3g4y'),
 ('dsoor','dsoor@gmail.com','bg326t62fvv'),
 ('xgacha','sgacha@hotmail.com','buydgf8723784t'),
 ('mlili','mlili@outlook.com','yehgdewfu'),
 ('cmanpa','cmanpa@yahoo.com','389yhfuwegdfy'),
 ('jpemen','jpemen@gmail.com','28gcgdbyg'),
 ('ateo','ateo@hotmail.com','8hyrfgbyud'),
 ('cracuz','cracruz@outlook.com','jbduysfgyus'),
 ('gheor','gheor@hotmail.com','ejbyfdgyu'),
 ('cmerpa','cmerpa@gmail.com','jbdgbyu'),
 ('fkego','fkego@gmail.com','kbdbfdsgy'),
 ('squive','squive@outlook.com','jkbjfvsd67'),
 ('knusan','knusan@gmail.com','jhsdfbdkj02'),
 ('sgoju','sgoju@yahoo.com','ndjfbsuyg'),
 ('acongo','acongo@gmail.com','njvhbsdj7e'),
 ('jjorsar','jjorsar@hotmail.com','jjchvbdhsbusd897'),
 ('ayuza','ayuza@hotmail.com','jhdfgbhjew83'),
 ('aanie','aanie@outlook.com','hncjvbdsh363'),
 ('rtete','rtete@outlook.com','jcs73ciu7t'),
 ('cdoque','cdoque@gmail.com','jndfg78y'),
 ('pplame','pplame@yahoo.com','jdhfyu4'),
 ('dmocoe','dmocoe@gmail.com','hdfgyu47yf'),
 ('jcalcor','jcalcor@hotmail.com','iwuefh4ehu'),
 ('bnulo','bnulo@outlook.com','3yr298yhfu4'),
 ('xchimi','xchimi@outlook.com','jd9f8y4h98h3'),
 ('mvalo','mvalo@gmail.com','ygdct3tg76d'),
 ('crito','crito@yahoo.com','uydgfo23trgfbe'),
 ('rjaru','rjaru@hotmail.com','d7824trg46fg2'),
 ('zcece','zcece@gmail.com','hf748yt8734bf'),
 ('droye','droye@gmail.com','ihf4387tfg43'),
 ('lricas','lricas@gmail.com','nf7847842');
    
create table empleado (
	Cédula char(10) primary key,
    Nick varchar(20) not null,
    Teléfono char(15) not null,
    foreign key(Cédula) references datos(Cédula) on update cascade on delete cascade,
    foreign key(Nick) references usuario(Nick) on update cascade on delete cascade);
    
INSERT INTO empleado VALUES ('0937462839','kmascote','0973582736'),
 ('0973973628','zvasquez','0973453285'),
 ('0927518641','jsanchez','0935763689'),
 ('0915675365','rperez','0964246653'),
 ('0973264752','kquintero','0974257586'),
 ('0937562521','dlopez','0983928837'),
 ('0927632378','aramos','0988119234'),
 ('0927563456','arolo','0942934263'),
 ('0913767308','omencha','0976324530'),
 ('0917314350','cmocas','0963526235'),
 ('0915442985','acarba','0932566325'),
 ('0916258826','mlili','0962351981'),
 ('0916735435','jpemen','0926349721'),
 ('0917267920','cmerpa','0900123827'),
 ('0927729143','fkego','0961567188'),
 ('0917228356','sgoju','0919673212'),
 ('0911271188','jjorsar','0971681277'),
 ('0936466290','rtete','0937246161'),
 ('0947286163','pplame','0976134213'),
 ('0940938848','jcalcor','0937126436');
    
create table adoptante (
	Cédula char(10) primary key,
    Nick varchar(20) not null,
    Foto varchar(20) not null,
    foreign key(Cédula) references datos(Cédula) on update cascade on delete cascade,
    foreign key(Nick) references usuario(Nick) on update cascade on delete cascade);
    
INSERT INTO adoptante VALUES ('0928473629','aalban','imagen1.jpg'),
 ('0916756733','mzambrano','imagen2.png'),
 ('0918673245','ehergon','imagen3.png'),
 ('0917835819','pcasji','imagen4.png'),
 ('0937467233','jsanram','imagen5.png'),
 ('0926352816','gcayetano','imagen6.png'),
 ('0998364872','etenesaca','imagen7.png'),
 ('0946275652','vherrera','imagen8.png'),
 ('0918020131','tvinu','imagen9.png'),
 ('0967735260','xgacha','imagen10.png'),
 ('0926936636','cracuz','imagen11.png'),
 ('0917253015','gheor','imagen12.png'),
 ('0947182950','aanie','imagen13.png'),
 ('0911108002','dmocoe','imagen14.png'),
 ('0918246347','xchimi','imagen15.png'),
 ('0963256546','crito','imagen16.png'),
 ('0937426562','rjaru','imagen17.png'),
 ('0923756622','zcece','imagen18.png'),
 ('0924741363','droye','imagen19.png'),
 ('0932715648','lricas','imagen20.png');

create table teléfonos (
	ID int auto_increment primary key,
    Teléfonos char(10) not null,
    Cédula_adoptante char(10) not null,
    foreign key (Cédula_adoptante) references adoptante(Cédula) on update cascade on delete cascade);

INSERT INTO teléfonos VALUES (1,'0962354653', '0928473629'),
	 (2,'0937462356', '0916756733'),
	 (3,'0932546235', '0918673245'),
	 (4,'0974636536', '0917835819'),
	 (5,'0937248723', '0937467233'),
	 (6,'0932663215', '0937467233'),
	 (7,'0978326492', '0926352816'),
	 (8,'0918224985', '0998364872'),
	 (9,'0927416273', '0916756733'),
	 (10,'0972565431', '0928473629'),
	 (11,'0943897058', '0946275652'),
	 (12,'0945365631', '0918020131'),
	 (13,'0973422347', '0967735260'),
	 (14,'0932473423', '0926936636'),
	 (15,'0982782653', '0917253015'),
	 (16,'0928497814', '0947182950'),
	 (17,'0974352164', '0911108002'),
	 (18,'0942876732', '0918246347'),
	 (19,'0947563642', '0963256546'),
	 (20,'0947853753', '0918246347'),
	 (21,'0972816787', '0963256546'),
	 (22,'0923418958', '0947182950'),
	 (23,'0938428993', '0937467233'),
	 (24,'0934932784', '0963256546'),
	 (25,'0932462341', '0937426562'),
	 (26,'0943781263', '0926352816'),
	 (27,'0989342714', '0918673245'),
	 (28,'0923765721', '0937426562'),
	 (29,'0972841637', '0928473629'),
	 (30,'0937722234', '0923756622'),
	 (31,'0937362922', '0937426562'),
	 (32,'0945637469', '0924741363'),
	 (33,'0937456347', '0946275652'),
	 (34,'0943756734', '0932715648'),
	 (35,'0947564363', '0926936636'),
	 (36,'0974657346', '0917835819');

    
create table doctor (
	ID_D char(10) primary key,
    Nick varchar(20) not null,
    Nombre_Doctor varchar(50) not null,
    Horas_T int not null,
    foreign key(Nick) references usuario(Nick) on update cascade on delete cascade);
    
INSERT INTO doctor VALUES ('0928165663','jvillacres','Julio Ezequiel Villacrés Flores',25),
 ('0917563256','ecastro','Elvira Rosario Castro López',328),
 ('0926586521','bsantana','Bryan Jesús Santana Contreras',150),
 ('0937641723','mcandia','Maribelle Juliana Candia Torres',59),
 ('0937465246','sponce','Sandra Pamela Ponce Andrade',158),
 ('0952143541','candrade','Casandra Elizabeth Andrade Andrade',276),
 ('0981267523','wflores','Wellington Ismael Flores Suco',269),
 ('0921389889','dguerrero','Damián Raúl Guerrero Urgilés',147),
 ('0954214561','bguor','Beatriz Emilia Gutierrez Ortíz',30),
 ('091722917','xvebe','Xavier Sergio Vera Berrones',246),
 ('0936546252','dsoor','Delfina Margarita Solís Orozco',86),
 ('0999372174','cmanpa','Carlos Julio Manzano Palacios',593),
 ('0983628346','ateo','Andrea Dennise Tenesaca Ochoa',287),
 ('0900274623','squive','Sara Martina Quito Velasco',10),
 ('0938462220','knusan','Karen Pamela Núñez Sánchez',389),
 ('0927451730','acongo','Adriana Karla Contreras Gómez',420),
 ('0945567324','ayuza','Ariel Franco Yute Zamora',68),
 ('0916259379','cdoque','Carmen Marcela Domínguez Quevedo',72),
 ('0947263535','bnulo','Bella Stephanie Núñez López',258),
 ('0976524673','mvalo','Mayra Alejandra Vanegas Lozano',301);

create table adoptar (
	N_Solicitud char(5) primary key,
	Cédula char(10) not null,
    Inf_Hogar text not null,
    Patio boolean not null,
    CartaRecomendación1 text null,
    CartaRecomentación2 text null,
    foreign key (Cédula) references adoptante(Cédula) on update cascade on delete cascade);

INSERT INTO adoptar VALUES ('00001', '0928473629','Inf_Hogar_1',TRUE,'CartaRecomendación1', null),
 ('00002','0928473629','Inf_Hogar_2',TRUE,'CartaRecomendación1', 'CartaRecomendación2'),
 ('00003','0916756733','Inf_Hogar_3',TRUE,'CartaRecomendación1', 'CartaRecomendación2'),
 ('00004', '0998364872','Inf_Hogar_4',TRUE,'CartaRecomendación1', 'CartaRecomendación2'),
 ('00005','0918673245','Inf_Hogar_5',FALSE,'CartaRecomendación1', null),
 ('00006','0917835819','Inf_Hogar_6',TRUE,'CartaRecomendación1', null),
 ('00007','0937467233','Inf_Hogar_7',FALSE,'CartaRecomendación1', 'CartaRecomendación2'),
 ('00008', '0967735260','Inf_Hogar_8',FALSE,'CartaRecomendación1', null),
 ('00009','0926352816','Inf_Hogar_9',FALSE,'CartaRecomendación1', null),
 ('00010','0998364872','Inf_Hogar_10',TRUE,'CartaRecomendación1', 'CartaRecomendación2'),
 ('00011','0946275652','Inf_Hogar_11',TRUE,'CartaRecomendación1', 'CartaRecomendación2'),
 ('00012','0918020131','Inf_Hogar_12',TRUE,'CartaRecomendación1', 'CartaRecomendación2'),
 ('00013','0967735260','Inf_Hogar_13',FALSE,'CartaRecomendación1', 'CartaRecomendación2'),
 ('00014','0926936636','Inf_Hogar_14',FALSE,'CartaRecomendación1',null),
 ('00015', '0947182950','Inf_Hogar_15',FALSE,'CartaRecomendación1',null),
 ('00016', '0963256546','Inf_Hogar_16',FALSE,null, 'CartaRecomendación2'),
 ('00017','0917253015','Inf_Hogar_17',TRUE,'CartaRecomendación1', 'CartaRecomendación2'),
 ('00018','0947182950','Inf_Hogar_18',FALSE,'CartaRecomendación1', 'CartaRecomendación2'),
 ('00019','0911108002','Inf_Hogar_19',TRUE,'CartaRecomendación1', 'CartaRecomendación2'),
 ('00020','0918246347','Inf_Hogar_20',FALSE,'CartaRecomendación1', null),
 ('00021','0963256546','Inf_Hogar_21',FALSE,'CartaRecomendación1', 'CartaRecomendación2'),
 ('00022', '0937426562','Inf_Hogar_22',FALSE,null, 'CartaRecomendación2'),
 ('00023','0937426562','Inf_Hogar_23',FALSE,'CartaRecomendación1', 'CartaRecomendación2'),
 ('00024','0923756622','Inf_Hogar_24',TRUE,'CartaRecomendación1', 'CartaRecomendación2'),
 ('00025', '0911108002','Inf_Hogar_25',TRUE,'CartaRecomendación1', 'CartaRecomendación2'),
 ('00026','0924741363','Inf_Hogar_26',TRUE, 'CartaRecomendación1', 'CartaRecomendación2'),
 ('00027', '0918246347','Inf_Hogar_27',FALSE,'CartaRecomendación1', 'CartaRecomendación2'),
 ('00028','0932715648','Inf_Hogar_28',FALSE,null,'CartaRecomendación2'),
 ('00029','0928473629','Inf_Hogar_29',TRUE,'CartaRecomendación1', 'CartaRecomendación2'),
 ('00030','0916756733','Inf_Hogar_30',TRUE,'CartaRecomendación1', 'CartaRecomendación2'),
 ('00031','0918673245','Inf_Hogar_31',FALSE, null,'CartaRecomendación2'),
 ('00032','0918673245','Inf_Hogar_32',FALSE,'CartaRecomendación1', 'CartaRecomendación2'),
 ('00033','0917835819','Inf_Hogar_33',TRUE,'CartaRecomendación1', 'CartaRecomendación2'),
 ('00034','0937467233','Inf_Hogar_34',FALSE,'CartaRecomendación1', 'CartaRecomendación2'),
 ('00035','0917253015','Inf_Hogar_17',TRUE,'CartaRecomendación1', 'CartaRecomendación2'),
('00036','0916756733','Inf_Hogar_30',TRUE,'CartaRecomendación1', 'CartaRecomendación2'),
('00037','0946275652','Inf_Hogar_11',TRUE,'CartaRecomendación1', 'CartaRecomendación2');


    
create table mascota (
	ID_Mascota char(10) primary key,
    Raza varchar(30) not null,
    F_Nacimiento date not null,
    Cédula_Adopt char(10) not null,
    foreign key (Cédula_Adopt) references Adoptar(Cédula) on update cascade on delete cascade);
    
INSERT INTO mascota VALUES ('0000000001','Mestizo','2020-03-03','0928473629'),
 ('0000000002','Mestizo','2015-02-19','0916756733'),
 ('0000000003','Pastor Alemán','2018-10-23','0918673245'),
 ('0000000004','Shar Pei','2019-07-09','0917835819'),
 ('0000000005','Mestizo','2014-12-31','0937467233'),
 ('0000000006','Beagle','2020-05-06','0937467233'),
 ('0000000007','Bull Terrier','2013-05-25','0946275652'),
 ('0000000008','Mestizo','2018-06-12','0946275652'),
 ('0000000009','Rottweiler','2011-01-01','0916756733'),
 ('0000000010','Mestizo','2018-08-14','0918020131'),
 ('0000000011','Mestizo','2020-01-14','0967735260'),
 ('0000000012','Mestizo','2020-04-23','0918673245'),
 ('0000000013','Bulldog','2016-11-28', '0911108002'),
 ('0000000014','Cocker spaniel inglés','2014-05-20','0917253015'),
 ('0000000015','Mestizo','2015-07-16','0947182950'),
 ('0000000016','Labrador retriever','2010-11-13','0998364872'),
 ('0000000017','Shih Tzu','2012-09-24','0928473629'),
 ('0000000018','Mestizo','2019-05-30','0911108002'),
 ('0000000019','Mestizo','2018-02-22','0918246347'),
 ('0000000020','Mestizo','2020-07-17','0917253015'),
 ('0000000021','Mestizo','2015-11-24','0937426562'),
 ('0000000022','Mestizo','2010-02-09','0923756622'),
 ('0000000023','Beagle','2019-08-24', '0963256546'), 
 ('0000000024','Pit bull terrier americano','2012-11-17','0924741363'),
 ('0000000025','Mestizo','2016-04-29','0998364872'),
 ('0000000026','Mestizo','2020-07-12','0916756733');


create table r_reporte_semanal(
	ID_Reporte char(10) primary key,
	Cédula char(10) not null,
    ID_Mascota char(10) not null,
    FechaCreación date not null,
    Descripción text not null,
    Foto_Mascota varchar(20),
    foreign key (Cédula) references adoptante(Cédula) on update cascade on delete cascade,
    foreign key (ID_Mascota) references mascota(ID_Mascota) on update cascade on delete cascade);
    
INSERT INTO r_reporte_semanal VALUES ('0000000001','0928473629','0000000001','2020-06-02','Descripción1','foto1.png'),
 ('0000000002','0916756733','0000000002','2020-07-08','Descripción2','foto2.png'),
 ('0000000003','0918673245','0000000003','2020-08-11','Descripción3','foto3.png'),
 ('0000000004','0917835819','0000000004','2020-07-03','Descripción4','foto4.png'),
 ('0000000005','0937467233','0000000005','2020-08-04','Descripción5','foto5.png'),
 ('0000000006','0928473629','0000000017','2020-06-11','Descripción6','foto6.png'),
 ('0000000007','0998364872','0000000016','2020-07-22','Descripción7','foto7.png'),
 ('0000000008','0937467233','0000000005','2020-08-16','Descripción8','foto8.png'),
 ('0000000009','0918673245','0000000012','2020-06-18','Descripción9','foto9.png'),
 ('0000000010','0946275652','0000000008','2020-07-26','Descripción10','foto10.png'),
 ('0000000011','0928473629','0000000017','2020-07-31','Descripción11','foto11.png'),
 ('0000000012','0967735260','0000000011','2020-07-10','Descripción12','foto12.png'),
 ('0000000013','0916756733','0000000009','2020-07-31','Descripción13','foto13.png'),
 ('0000000014', '0911108002','0000000013','2020-06-27','Descripción14','foto14.png'),
 ('0000000015','0917253015','0000000014','2020-08-02','Descripción15','foto15.png'),
 ('0000000016','0947182950','0000000015','2020-07-26','Descripción16','foto16.png'),
 ('0000000017','0911108002','0000000018','2020-07-11','Descripción17','foto17.png'),
 ('0000000018','0928473629','0000000001','2020-07-02','Descripción18','foto18.png'),
 ('0000000019', '0916756733','0000000026','2020-06-15','Descripción19','foto19.png'),
 ('0000000020', '0917253015','0000000020','2020-08-11','Descripción20','foto20.png'),
 ('0000000021','0937426562','0000000021','2020-08-01','Descripción21','foto21.png'),
 ('0000000022', '0916756733','0000000026','2020-06-25','Descripción22','foto22.png'),
 ('0000000023','0923756622','0000000022','2020-07-08','Descripción23','foto23.png'),
 ('0000000024', '0998364872','0000000025','2020-08-11','Descripción24','foto24.png'),
 ('0000000025', '0963256546','0000000023','2020-06-06','Descripción25','foto25.png'),
 ('0000000026', '0924741363','0000000024','2020-07-28','Descripción26','foto26.png'),
 ('0000000027','0928473629','0000000001','2020-08-22','Descripción27','foto27.png');


create table hobbies (
	ID_Mascota char(10) primary key,
    Hobbies varchar(100) not null,
    foreign key (ID_Mascota) references mascota(ID_Mascota) on update cascade on delete cascade);
    
INSERT INTO hobbies VALUES ('0000000001','hobbie1,hobbie3,hobbie4,hobbie5'),
 ('0000000002','hobbie5,hobbie2,hobbie8'),
 ('0000000003','hobbie10,hobbie9'),
 ('0000000004','hobbie3,hobbie7,hobbie9,hobbie2'),
 ('0000000005','hobbie1,hobbie6'),
 ('0000000006','hobbie8,hobbie4,hobbie9,hobbie2'),
 ('0000000007','hobbie7,hobbie3'),
 ('0000000008','hobbie1,hobbie6,hobbie7'),
 ('0000000009','hobbie4,hobbie2,hobbie10'),
 ('0000000010','hobbie3'),
 ('0000000011','hobbie2,hobbie8,hobbie3,hobbie9,hobbie10'),
 ('0000000012','hobbie2,hobbie9,hobbie3'),
 ('0000000013','hobbie4,hobbie8,hobbie10'),
 ('0000000014','hobbie6,hobbie2'),
 ('0000000015','hobbie1,hobbie2'),
 ('0000000016','hobbie8'),
 ('0000000017','hobbie4,hobbie8,hobbie5'),
 ('0000000018','hobbie10,hobbie7,hobbie8,hobbie3'),
 ('0000000019','hobbie1,hobbie3,hobbie9'),
 ('0000000020','hobbie9'),
 ('0000000021','hobbie10,hobbie5,hobbie8'),
 ('0000000022','hobbie2,hobbie10'),
 ('0000000023','hobbie3,hobbie8,hobbie2'),
 ('0000000024','hobbie8'),
 ('0000000025','hobbie3,hobbie9,hobbie1'),
 ('0000000026','hobbie6,hobbie2');
    
create table mensaje (
	ID_Mensaje char(10) primary key,
    Cédula_Emp char(10) not null,
    Cédula_Adopt char(10) not null,
    Content text not null,
    F_SMS date not null,
	foreign key (Cédula_Emp) references empleado(Cédula)  on update cascade on delete cascade,
    foreign key (Cédula_Adopt) references adoptante(Cédula) on update cascade on delete cascade);

INSERT INTO mensaje VALUES ('0000000001','0927632378','0963256546','No ha enviado ningún reporte','2020-08-10'),
 ('0000000002','0973973628','0998364872','Sólo ha enviado un reporte','2020-08-1'),
 ('0000000003','0911271188','0911108002','Sólo ha enviado un reporte','2020-08-06'),
 ('0000000004','0927632378','0967735260','Sólo ha enviado un reporte','2020-08-19'),
 ('0000000005','0940938848','0917835819','Sólo ha enviado un reporte','2020-08-03'),
 ('0000000006','0911271188','0918020131','No ha enviado ningún reporte','2020-08-08'),
 ('0000000007','0915442985','0917253015','Sólo ha enviado un reporte','2020-08-28'),
 ('0000000008','0973264752','0947182950','Sólo ha enviado un reporte','2020-08-10'),
 ('0000000009','0973973628','0911108002','Sólo ha enviado un reporte','2020-08-04'),
 ('0000000010','0916735435','0918246347','No ha enviado ningún reporte','2020-08-01'),
 ('0000000011','0973264752','0963256546','Sólo ha enviado un reporte','2020-08-28'),
 ('0000000012','0927632378','0937426562','Sólo ha enviado un reporte','2020-08-28'),
 ('0000000013','0916258826','0923756622','Sólo ha enviado un reporte','2020-08-02'),
 ('0000000014','0915442985','0924741363','Sólo ha enviado un reporte','2020-08-01'),
 ('0000000015','0911271188','0918673245','Sólo ha enviado un reporte','2020-08-05'),
 ('0000000016','0911271188','0918020131','No ha enviado ningún reporte','2020-08-28'),
 ('0000000017','0927632378','0963256546','No ha enviado ningún reporte','2020-08-26'),
 ('0000000018','0973973628','0998364872','Sólo ha enviado un reporte','2020-08-18'),
 ('0000000019','0940938848','0917253015','Sólo ha enviado un reporte','2020-08-20'),
 ('0000000020','0973264752','0947182950','Sólo ha enviado un reporte','2020-08-27'),
 ('0000000021', '0973973628','0918673245','Sólo ha enviado un reporte','2020-08-30');
    
create table cita (
	ID_Cita char(10) primary key,
    Fecha date not null,
    ID_Mascota char(10) not null,
    Duración time not null,
    ID_D char(10) not null,
    Cédula_Solicitante char(10) not null,
    Tipo_Usuario varchar(30) not null,
    foreign key (ID_Mascota) references mascota(ID_Mascota) on update cascade on delete cascade,
    foreign key (ID_D) references doctor(ID_D) on update cascade on delete cascade,
    foreign key (Cédula_Solicitante) references datos(Cédula) on update cascade on delete cascade);
    
INSERT INTO cita VALUES ('0000000001','2020-08-12','0000000002','1:10:03','0937641723','0916756733','Adoptante'),
 ('0000000002','2020-08-28','0000000010','0:37:18','0917563256','0918020131','Adoptante'),
 ('0000000003','2020-08-15','0000000004','0:23:19','0952143541','0973973628','Empleado'),
 ('0000000004','2020-08-20','0000000018','1:29:09','0983628346','0911108002','Adoptante'),
 ('0000000005','2020-08-14','0000000025','0:48:00','0976524673','0917267920','Empleado'),
 ('0000000006','2020-08-17','0000000014','0:58:12','0938462220','0917253015','Adoptante'),
 ('0000000007','2020-08-12','0000000018','1:16:09','0981267523','0917314350','Empleado'),
 ('0000000008','2020-08-15','0000000013','0:26:02','0976524673','0927632378','Empleado'),
 ('0000000009','2020-08-20','0000000005','0:17:18','0976524673','0927729143','Empleado'),
 ('0000000010','2020-08-17','0000000002','0:40:20','0916259379','0916756733','Adoptante'),
 ('0000000011','2020-08-19','0000000005','1:59:09','0917563256','0917267920','Empleado'),
 ('0000000012','2020-08-22','0000000025','2:01:28','0947263535','0973973628','Empleado'),
 ('0000000013','2020-08-21','0000000023','0:12:20','0976524673','0963256546','Adoptante'),
 ('0000000014','2020-08-22','0000000014','0:19:07','0937641723','0917253015','Adoptante'),
 ('0000000015','2020-08-14','0000000020','0:29:12','0952143541','0973264752','Empleado'),
 ('0000000016','2020-08-20','0000000010','0:28:57','0976524673','0918020131','Adoptante'),
 ('0000000017','2020-08-24','0000000021','0:36:26','0917563256','0927632378','Empleado'),
 ('0000000018','2020-08-16','0000000020','2:20:18','0921389889','0973973628','Empleado'),
 ('0000000019','2020-08-13','0000000026','0:42:19','0937641723','0916756733','Adoptante'),
 ('0000000020','2020-08-17','0000000010','1:01:48','0917563256','0918020131','Adoptante');
 
 
 
 -- SUSTENTACIÓN
 drop trigger before_insert_adoptante;
DELIMITER ||
create trigger trgg_sust 
BEFORE INSERT ON adoptante
FOR EACH ROW 
BEGIN
	IF NEW.Foto = "-" THEN
		SET NEW.Foto = "fotos/persona1.jpg";
	END IF;
END ||